operation,matrix,comparison,mean_difference_ms,standard_deviation_ms,confidence_95_ms,confidence_low_ms,confidence_high_ms
matrix,add20,coo_minus_csparse,0.6414042854666667,0.03459482183559519,0.019157973766118826,0.6222463117005479,0.6605622592327856
matrix,ca-GrQc,coo_minus_csparse,2.2619412349333334,0.08287061332521783,0.04589221599728426,2.216049018936049,2.3078334509306178
matrix,ca-HepTh,coo_minus_csparse,6.282692872933334,0.26727517293550496,0.14801205728901193,6.134680815644321,6.430704930222346
matrix,celegansneural,coo_minus_csparse,0.07781290526666668,0.006069770761250678,0.0033613270090828602,0.07445157825758382,0.08117423227574953
matrix,dolphins,coo_minus_csparse,0.0026815319333333334,6.582060355288966e-05,3.645023530194669e-05,0.0026450816980313867,0.00271798216863528
matrix,football,coo_minus_csparse,-0.010305975533333333,0.002229006385115408,0.0012343825920968976,-0.01154035812543023,-0.009071592941236436
matrix,lesmis,coo_minus_csparse,0.0060063234,0.0002405638023099664,0.00013321979328681348,0.005873103606713187,0.0061395431932868135
matrix,netscience,coo_minus_csparse,0.23475113586666665,0.007866828691348235,0.004356504519885395,0.23039463134678126,0.23910764038655205
matrix,polbooks,coo_minus_csparse,0.014803647733333335,0.0018344236730072343,0.0010158699695126006,0.013787777763820733,0.015819517702845936
matrix,roadNet-CA,coo_minus_csparse,232.23737446713332,14.920240034766605,8.262553526902321,223.974820940231,240.49992799403563
matrix,roadNet-PA,coo_minus_csparse,100.60507056646665,6.729585207473046,3.7267200702556194,96.87835049621103,104.33179063672227
matrix,roadNet-TX,coo_minus_csparse,133.28923293346668,9.640111266815437,5.338515678149588,127.95071725531709,138.62774861161625
vector,add20,coo_minus_csparse,0.004614217066666666,0.0001527981959801257,8.46168205175024e-05,0.004529600246149164,0.0046988338871841685
vector,add20,baseline_minus_indexed,0.17290929193333332,0.005332562338059413,0.002953074592036784,0.16995621734129654,0.1758623665253701
vector,ca-GrQc,coo_minus_csparse,0.03742250653333334,0.0036128870287609484,0.002000750148270345,0.035421756385062994,0.03942325668160368
vector,ca-GrQc,baseline_minus_indexed,0.23632396286666665,0.028292420235966745,0.01566782009274467,0.22065614277392198,0.2519917829594113
vector,ca-HepTh,coo_minus_csparse,0.09625457166666668,0.0029181713059313295,0.0016160294043356008,0.09463854226233108,0.09787060107100228
vector,ca-HepTh,baseline_minus_indexed,0.6633915772666666,0.01261088992825397,0.006983678064915379,0.6564078992017512,0.670375255331582
vector,celegansneural,coo_minus_csparse,0.0005551064,2.4171732451061767e-05,1.3385859258931412e-05,0.0005417205407410686,0.0005684922592589315
vector,celegansneural,baseline_minus_indexed,0.008086824733333333,0.0008732883462283287,0.00048361096660094353,0.0076032137667323895,0.008570435699934277
vector,dolphins,coo_minus_csparse,7.444533333333332e-06,2.7884802534372603e-06,1.5442088933588611e-06,5.900324439974471e-06,8.988742226692192e-06
vector,dolphins,baseline_minus_indexed,0.0008984674,2.235232533700753e-05,1.2378305182584731e-05,0.0008860890948174153,0.0009108457051825848
vector,football,coo_minus_csparse,0.00015879886666666666,1.7605816169122983e-05,9.74977601856367e-06,0.00014904909064810299,0.00016854864268523034
vector,football,baseline_minus_indexed,0.0036117782666666666,0.00011673551991113846,6.464597617122997e-05,0.0035471322904954364,0.0036764242428378967
vector,lesmis,coo_minus_csparse,6.8565e-05,1.4411316941903679e-05,7.980721312001068e-06,6.0584278687998935e-05,7.654572131200107e-05
vector,lesmis,baseline_minus_indexed,0.0015992668666666668,0.0001936831472762617,0.0001072581518728932,0.0014920087147937736,0.00170652501853956
vector,netscience,coo_minus_csparse,0.0033271542,0.00012532400788652927,6.940212228191373e-05,0.0032577520777180864,0.003396556322281914
vector,netscience,baseline_minus_indexed,0.0235902624,0.001081315579467887,0.0005988126085108642,0.022991449791489135,0.024189075008510863
vector,polbooks,coo_minus_csparse,0.0001265594,1.4065950228426492e-05,7.789463601008068e-06,0.00011876993639899193,0.00013434886360100807
vector,polbooks,baseline_minus_indexed,0.0027896141333333332,7.602173908905144e-05,4.209943586482761e-05,0.0027475146974685056,0.002831713569198161
vector,roadNet-CA,coo_minus_csparse,13.547407208333334,1.528645528128546,0.8465356770662407,12.700871531267094,14.393942885399575
vector,roadNet-CA,baseline_minus_indexed,74.96497457560001,12.512566282134586,6.929228244595559,68.03574633100445,81.89420282019557
vector,roadNet-PA,coo_minus_csparse,0.3543938833333332,0.4853977895926053,0.26880433619054106,0.08558954714279216,0.6231982195238743
vector,roadNet-PA,baseline_minus_indexed,38.42081560846667,1.1411147937754906,0.6319283095942219,37.788887298872446,39.05274391806089
vector,roadNet-TX,coo_minus_csparse,9.591396699999999,0.8638198708617456,0.4783674997162117,9.113029200283787,10.06976419971621
vector,roadNet-TX,baseline_minus_indexed,36.607934207666666,1.9210730831300735,1.0638548134257146,35.54407939424095,37.67178902109238
